1.241233140655106,1.7325626204238922,1.121772639691715,1.6526011560693643,1.8789980732177265,1.1892100192678228,1.0514450867052023,1.2479768786127168,0.9676300578034683,0.6429672447013488,1.2547206165703277,0.6082851637764933,1.4021194605009635,1.6526011560693643,1.1439306358381505,1.1902639691714838,0.0,
1.6526011560693643,1.8789980732177265,1.1892100192678228,1.0514450867052023,1.2479768786127168,0.9676300578034683,0.6429672447013488,1.2547206165703277,0.6082851637764933,1.4021194605009635,1.6526011560693643,1.1439306358381505,1.03121387283237,1.2527938342967246,1.0119460500963393,1.190432562620424,0.0,
1.0514450867052023,1.2479768786127168,0.9676300578034683,0.6429672447013488,1.2547206165703277,0.6082851637764933,1.4021194605009635,1.6526011560693643,1.1439306358381505,1.03121387283237,1.2527938342967246,1.0119460500963393,0.8867052023121388,1.1959537572254335,0.7354527938342968,1.190131984585742,0.0,
0.6429672447013488,1.2547206165703277,0.6082851637764933,1.4021194605009635,1.6526011560693643,1.1439306358381505,1.03121387283237,1.2527938342967246,1.0119460500963393,0.8867052023121388,1.1959537572254335,0.7354527938342968,0.193063583815029,1.2026974951830445,0.061078998073217816,1.1899431599229289,1.0,
1.4021194605009635,1.6526011560693643,1.1439306358381505,1.03121387283237,1.2527938342967246,1.0119460500963393,0.8867052023121388,1.1959537572254335,0.7354527938342968,0.193063583815029,1.2026974951830445,0.061078998073217816,1.7470134874759153,1.7662813102119461,1.113102119460501,1.1903265895953759,1.0,
1.03121387283237,1.2527938342967246,1.0119460500963393,0.8867052023121388,1.1959537572254335,0.7354527938342968,0.193063583815029,1.2026974951830445,0.061078998073217816,1.7470134874759153,1.7662813102119461,1.113102119460501,1.445472061657033,1.5601156069364164,0.8818882466281311,1.1900799614643547,0.0,
0.8867052023121388,1.1959537572254335,0.7354527938342968,0.193063583815029,1.2026974951830445,0.061078998073217816,1.7470134874759153,1.7662813102119461,1.113102119460501,1.445472061657033,1.5601156069364164,0.8818882466281311,0.9888246628131022,1.3732177263969172,0.9233140655105974,1.1899932562620426,0.0,
0.193063583815029,1.2026974951830445,0.061078998073217816,1.7470134874759153,1.7662813102119461,1.113102119460501,1.445472061657033,1.5601156069364164,0.8818882466281311,0.9888246628131022,1.3732177263969172,0.9233140655105974,1.1612716763005781,1.2778420038535647,1.077456647398844,1.1898911368015417,1.0,
1.7470134874759153,1.7662813102119461,1.113102119460501,1.445472061657033,1.5601156069364164,0.8818882466281311,0.9888246628131022,1.3732177263969172,0.9233140655105974,1.1612716763005781,1.2778420038535647,1.077456647398844,1.3385356454720618,1.434874759152216,1.182466281310212,1.1906059730250482,1.0,
1.445472061657033,1.5601156069364164,0.8818882466281311,0.9888246628131022,1.3732177263969172,0.9233140655105974,1.1612716763005781,1.2778420038535647,1.077456647398844,1.3385356454720618,1.434874759152216,1.182466281310212,1.1988439306358383,1.3414258188824664,1.1391136801541426,1.1903034682080926,1.0,
0.9888246628131022,1.3732177263969172,0.9233140655105974,1.1612716763005781,1.2778420038535647,1.077456647398844,1.3385356454720618,1.434874759152216,1.182466281310212,1.1988439306358383,1.3414258188824664,1.1391136801541426,1.470520231213873,1.6227360308285164,1.159344894026975,1.1901252408477843,1.0,
1.1612716763005781,1.2778420038535647,1.077456647398844,1.3385356454720618,1.434874759152216,1.182466281310212,1.1988439306358383,1.3414258188824664,1.1391136801541426,1.470520231213873,1.6227360308285164,1.159344894026975,1.4734104046242775,1.5157996146435453,1.098651252408478,1.1901772639691715,0.0,
1.3385356454720618,1.434874759152216,1.182466281310212,1.1988439306358383,1.3414258188824664,1.1391136801541426,1.470520231213873,1.6227360308285164,1.159344894026975,1.4734104046242775,1.5157996146435453,1.098651252408478,1.134296724470135,1.3394990366088633,1.0957610789980734,1.190111753371869,0.0,
1.1988439306358383,1.3414258188824664,1.1391136801541426,1.470520231213873,1.6227360308285164,1.159344894026975,1.4734104046242775,1.5157996146435453,1.098651252408478,1.134296724470135,1.3394990366088633,1.0957610789980734,0.8751445086705203,1.2836223506743738,0.8134874759152216,1.1901599229287092,0.0,
1.470520231213873,1.6227360308285164,1.159344894026975,1.4734104046242775,1.5157996146435453,1.098651252408478,1.134296724470135,1.3394990366088633,1.0957610789980734,0.8751445086705203,1.2836223506743738,0.8134874759152216,1.1477842003853564,1.2816955684007707,1.0225433526011563,1.1901175337186898,0.0,
1.4734104046242775,1.5157996146435453,1.098651252408478,1.134296724470135,1.3394990366088633,1.0957610789980734,0.8751445086705203,1.2836223506743738,0.8134874759152216,1.1477842003853564,1.2816955684007707,1.0225433526011563,1.1198458574181118,1.2431599229287091,1.0321772639691715,1.190335260115607,1.0,
1.134296724470135,1.3394990366088633,1.0957610789980734,0.8751445086705203,1.2836223506743738,0.8134874759152216,1.1477842003853564,1.2816955684007707,1.0225433526011563,1.1198458574181118,1.2431599229287091,1.0321772639691715,1.2951830443159924,1.3684007707129096,1.1140655105973025,1.1903670520231215,1.0,
0.8751445086705203,1.2836223506743738,0.8134874759152216,1.1477842003853564,1.2816955684007707,1.0225433526011563,1.1198458574181118,1.2431599229287091,1.0321772639691715,1.2951830443159924,1.3684007707129096,1.1140655105973025,1.356840077071291,1.411753371868979,1.1843930635838151,1.189985549132948,0.0,
1.1477842003853564,1.2816955684007707,1.0225433526011563,1.1198458574181118,1.2431599229287091,1.0321772639691715,1.2951830443159924,1.3684007707129096,1.1140655105973025,1.356840077071291,1.411753371868979,1.1843930635838151,0.796146435452794,1.241233140655106,0.6988439306358383,1.1902215799614644,1.0,
1.1198458574181118,1.2431599229287091,1.0321772639691715,1.2951830443159924,1.3684007707129096,1.1140655105973025,1.356840077071291,1.411753371868979,1.1843930635838151,0.796146435452794,1.241233140655106,0.6988439306358383,1.2884393063583817,1.3539499036608864,1.1757225433526013,1.1902745664739884,0.0,
1.2951830443159924,1.3684007707129096,1.1140655105973025,1.356840077071291,1.411753371868979,1.1843930635838151,0.796146435452794,1.241233140655106,0.6988439306358383,1.2884393063583817,1.3539499036608864,1.1757225433526013,0.9811175337186899,1.2296724470134877,0.579383429672447,1.1908699421965319,1.0,
1.356840077071291,1.411753371868979,1.1843930635838151,0.796146435452794,1.241233140655106,0.6988439306358383,1.2884393063583817,1.3539499036608864,1.1757225433526013,0.9811175337186899,1.2296724470134877,0.579383429672447,1.2373795761078998,1.3433526011560695,1.1121387283236994,1.189926782273603,1.0,
0.796146435452794,1.241233140655106,0.6988439306358383,1.2884393063583817,1.3539499036608864,1.1757225433526013,0.9811175337186899,1.2296724470134877,0.579383429672447,1.2373795761078998,1.3433526011560695,1.1121387283236994,1.4377649325626205,1.5148362235067439,1.1622350674373796,1.1898227360308287,1.0,
1.2884393063583817,1.3539499036608864,1.1757225433526013,0.9811175337186899,1.2296724470134877,0.579383429672447,1.2373795761078998,1.3433526011560695,1.1121387283236994,1.4377649325626205,1.5148362235067439,1.1622350674373796,1.2373795761078998,1.2682080924855492,0.9435452793834298,1.1903911368015416,1.0,
0.9811175337186899,1.2296724470134877,0.579383429672447,1.2373795761078998,1.3433526011560695,1.1121387283236994,1.4377649325626205,1.5148362235067439,1.1622350674373796,1.2373795761078998,1.2682080924855492,0.9435452793834298,1.472447013487476,1.554335260115607,1.1265895953757226,1.1900674373795763,0.0,
1.2373795761078998,1.3433526011560695,1.1121387283236994,1.4377649325626205,1.5148362235067439,1.1622350674373796,1.2373795761078998,1.2682080924855492,0.9435452793834298,1.472447013487476,1.554335260115607,1.1265895953757226,1.1651252408477843,1.3317919075144509,1.0909441233140655,1.1901136801541428,1.0,
1.4377649325626205,1.5148362235067439,1.1622350674373796,1.2373795761078998,1.2682080924855492,0.9435452793834298,1.472447013487476,1.554335260115607,1.1265895953757226,1.1651252408477843,1.3317919075144509,1.0909441233140655,1.2816955684007707,1.335645472061657,1.1641618497109827,1.1903275529865127,1.0,
1.2373795761078998,1.2682080924855492,0.9435452793834298,1.472447013487476,1.554335260115607,1.1265895953757226,1.1651252408477843,1.3317919075144509,1.0909441233140655,1.2816955684007707,1.335645472061657,1.1641618497109827,1.4310211946050098,1.564932562620424,1.1545279383429674,1.1900404624277459,0.0,
1.472447013487476,1.554335260115607,1.1265895953757226,1.1651252408477843,1.3317919075144509,1.0909441233140655,1.2816955684007707,1.335645472061657,1.1641618497109827,1.4310211946050098,1.564932562620424,1.1545279383429674,1.1265895953757226,1.289402697495183,1.0283236994219653,1.1901724470134876,1.0,
1.1651252408477843,1.3317919075144509,1.0909441233140655,1.2816955684007707,1.335645472061657,1.1641618497109827,1.4310211946050098,1.564932562620424,1.1545279383429674,1.1265895953757226,1.289402697495183,1.0283236994219653,1.2210019267822736,1.3664739884393065,1.1188824662813104,1.1901917148362235,1.0,
1.2816955684007707,1.335645472061657,1.1641618497109827,1.4310211946050098,1.564932562620424,1.1545279383429674,1.1265895953757226,1.289402697495183,1.0283236994219653,1.2210019267822736,1.3664739884393065,1.1188824662813104,1.2460500963391137,1.2913294797687862,1.1526011560693643,1.1904527938342968,1.0,
1.4310211946050098,1.564932562620424,1.1545279383429674,1.1265895953757226,1.289402697495183,1.0283236994219653,1.2210019267822736,1.3664739884393065,1.1188824662813104,1.2460500963391137,1.2913294797687862,1.1526011560693643,1.3558766859344895,1.3857418111753372,1.1843930635838151,1.1903680154142582,1.0,
1.1265895953757226,1.289402697495183,1.0283236994219653,1.2210019267822736,1.3664739884393065,1.1188824662813104,1.2460500963391137,1.2913294797687862,1.1526011560693643,1.3558766859344895,1.3857418111753372,1.1843930635838151,1.2845857418111755,1.3626204238921003,1.1689788053949905,1.1901772639691715,1.0,
1.2210019267822736,1.3664739884393065,1.1188824662813104,1.2460500963391137,1.2913294797687862,1.1526011560693643,1.3558766859344895,1.3857418111753372,1.1843930635838151,1.2845857418111755,1.3626204238921003,1.1689788053949905,1.2219653179190753,1.4213872832369943,1.029287090558767,1.190131021194605,1.0,
1.2460500963391137,1.2913294797687862,1.1526011560693643,1.3558766859344895,1.3857418111753372,1.1843930635838151,1.2845857418111755,1.3626204238921003,1.1689788053949905,1.2219653179190753,1.4213872832369943,1.029287090558767,1.4262042389210021,1.6304431599229288,1.1795761078998075,1.1901098265895955,1.0,
1.3558766859344895,1.3857418111753372,1.1843930635838151,1.2845857418111755,1.3626204238921003,1.1689788053949905,1.2219653179190753,1.4213872832369943,1.029287090558767,1.4262042389210021,1.6304431599229288,1.1795761078998075,1.3491329479768788,1.3722543352601158,1.1516377649325626,1.190655105973025,0.0,
1.2845857418111755,1.3626204238921003,1.1689788053949905,1.2219653179190753,1.4213872832369943,1.029287090558767,1.4262042389210021,1.6304431599229288,1.1795761078998075,1.3491329479768788,1.3722543352601158,1.1516377649325626,1.1795761078998075,1.2450867052023122,1.1053949903660887,1.190170520231214,1.0,
1.2219653179190753,1.4213872832369943,1.029287090558767,1.4262042389210021,1.6304431599229288,1.1795761078998075,1.3491329479768788,1.3722543352601158,1.1516377649325626,1.1795761078998075,1.2450867052023122,1.1053949903660887,1.2576107899807323,1.3086705202312139,1.1371868978805395,1.190419075144509,0.0,
1.4262042389210021,1.6304431599229288,1.1795761078998075,1.3491329479768788,1.3722543352601158,1.1516377649325626,1.1795761078998075,1.2450867052023122,1.1053949903660887,1.2576107899807323,1.3086705202312139,1.1371868978805395,1.1082851637764934,1.2566473988439306,1.0996146435452794,1.1903660886319847,0.0,
1.3491329479768788,1.3722543352601158,1.1516377649325626,1.1795761078998075,1.2450867052023122,1.1053949903660887,1.2576107899807323,1.3086705202312139,1.1371868978805395,1.1082851637764934,1.2566473988439306,1.0996146435452794,1.1140655105973025,1.3452793834296726,1.1102119460500963,1.1900895953757227,0.0,
1.1795761078998075,1.2450867052023122,1.1053949903660887,1.2576107899807323,1.3086705202312139,1.1371868978805395,1.1082851637764934,1.2566473988439306,1.0996146435452794,1.1140655105973025,1.3452793834296726,1.1102119460500963,1.1208092485549135,1.3289017341040463,1.1034682080924856,1.1901175337186898,0.0,
1.2576107899807323,1.3086705202312139,1.1371868978805395,1.1082851637764934,1.2566473988439306,1.0996146435452794,1.1140655105973025,1.3452793834296726,1.1102119460500963,1.1208092485549135,1.3289017341040463,1.1034682080924856,1.0832369942196534,1.2576107899807323,0.972447013487476,1.1899643545279384,1.0,
1.1082851637764934,1.2566473988439306,1.0996146435452794,1.1140655105973025,1.3452793834296726,1.1102119460500963,1.1208092485549135,1.3289017341040463,1.1034682080924856,1.0832369942196534,1.2576107899807323,0.972447013487476,1.5938342967244703,1.598651252408478,1.1766859344894027,1.1901078998073218,0.0,
1.1140655105973025,1.3452793834296726,1.1102119460500963,1.1208092485549135,1.3289017341040463,1.1034682080924856,1.0832369942196534,1.2576107899807323,0.972447013487476,1.5938342967244703,1.598651252408478,1.1766859344894027,1.0726396917148364,1.413680154142582,0.9117533718689789,1.1899797687861273,1.0,
1.1208092485549135,1.3289017341040463,1.1034682080924856,1.0832369942196534,1.2576107899807323,0.972447013487476,1.5938342967244703,1.598651252408478,1.1766859344894027,1.0726396917148364,1.413680154142582,0.9117533718689789,1.4859344894026976,1.644894026974952,1.1583815028901736,1.1898150289017342,1.0,
1.0832369942196534,1.2576107899807323,0.972447013487476,1.5938342967244703,1.598651252408478,1.1766859344894027,1.0726396917148364,1.413680154142582,0.9117533718689789,1.4859344894026976,1.644894026974952,1.1583815028901736,1.3028901734104048,1.50616570327553,1.0620423892100193,1.1901001926782275,0.0,
1.5938342967244703,1.598651252408478,1.1766859344894027,1.0726396917148364,1.413680154142582,0.9117533718689789,1.4859344894026976,1.644894026974952,1.1583815028901736,1.3028901734104048,1.50616570327553,1.0620423892100193,1.1776493256262044,1.3876685934489403,0.7585741811175338,1.190806358381503,0.0,
1.0726396917148364,1.413680154142582,0.9117533718689789,1.4859344894026976,1.644894026974952,1.1583815028901736,1.3028901734104048,1.50616570327553,1.0620423892100193,1.1776493256262044,1.3876685934489403,0.7585741811175338,1.0793834296724472,1.2903660886319848,0.8414258188824664,1.1900202312138728,1.0,
1.4859344894026976,1.644894026974952,1.1583815028901736,1.3028901734104048,1.50616570327553,1.0620423892100193,1.1776493256262044,1.3876685934489403,0.7585741811175338,1.0793834296724472,1.2903660886319848,0.8414258188824664,1.2007707129094414,1.3982658959537573,1.1208092485549135,1.1902880539499037,0.0,
1.3028901734104048,1.50616570327553,1.0620423892100193,1.1776493256262044,1.3876685934489403,0.7585741811175338,1.0793834296724472,1.2903660886319848,0.8414258188824664,1.2007707129094414,1.3982658959537573,1.1208092485549135,1.1689788053949905,1.2605009633911368,0.9782273603082853,1.1901878612716765,0.0,
1.1776493256262044,1.3876685934489403,0.7585741811175338,1.0793834296724472,1.2903660886319848,0.8414258188824664,1.2007707129094414,1.3982658959537573,1.1208092485549135,1.1689788053949905,1.2605009633911368,0.9782273603082853,0.9647398843930637,1.2354527938342967,0.9001926782273604,1.1901396917148361,0.0,
1.0793834296724472,1.2903660886319848,0.8414258188824664,1.2007707129094414,1.3982658959537573,1.1208092485549135,1.1689788053949905,1.2605009633911368,0.9782273603082853,0.9647398843930637,1.2354527938342967,0.9001926782273604,1.1641618497109827,1.3260115606936418,0.9194605009633913,1.18992774566474,0.0,
1.2007707129094414,1.3982658959537573,1.1208092485549135,1.1689788053949905,1.2605009633911368,0.9782273603082853,0.9647398843930637,1.2354527938342967,0.9001926782273604,1.1641618497109827,1.3260115606936418,0.9194605009633913,0.8308285163776494,1.1940269749518306,0.7084778420038537,1.1900616570327553,0.0,
1.1689788053949905,1.2605009633911368,0.9782273603082853,0.9647398843930637,1.2354527938342967,0.9001926782273604,1.1641618497109827,1.3260115606936418,0.9194605009633913,0.8308285163776494,1.1940269749518306,0.7084778420038537,0.913680154142582,1.2335260115606936,0.8115606936416185,1.190164739884393,0.0,
0.9647398843930637,1.2354527938342967,0.9001926782273604,1.1641618497109827,1.3260115606936418,0.9194605009633913,0.8308285163776494,1.1940269749518306,0.7084778420038537,0.913680154142582,1.2335260115606936,0.8115606936416185,1.0957610789980734,1.2296724470134877,1.054335260115607,1.1899643545279384,1.0,
1.1641618497109827,1.3260115606936418,0.9194605009633913,0.8308285163776494,1.1940269749518306,0.7084778420038537,0.913680154142582,1.2335260115606936,0.8115606936416185,1.0957610789980734,1.2296724470134877,1.054335260115607,1.4377649325626205,1.6246628131021195,1.1689788053949905,1.190218689788054,1.0,
0.8308285163776494,1.1940269749518306,0.7084778420038537,0.913680154142582,1.2335260115606936,0.8115606936416185,1.0957610789980734,1.2296724470134877,1.054335260115607,1.4377649325626205,1.6246628131021195,1.1689788053949905,1.2296724470134877,1.3,1.1400770712909443,1.189995183044316,1.0,
0.913680154142582,1.2335260115606936,0.8115606936416185,1.0957610789980734,1.2296724470134877,1.054335260115607,1.4377649325626205,1.6246628131021195,1.1689788053949905,1.2296724470134877,1.3,1.1400770712909443,1.335645472061657,1.3905587668593449,1.159344894026975,1.1900433526011562,1.0,
1.0957610789980734,1.2296724470134877,1.054335260115607,1.4377649325626205,1.6246628131021195,1.1689788053949905,1.2296724470134877,1.3,1.1400770712909443,1.335645472061657,1.3905587668593449,1.159344894026975,1.3838150289017341,1.4078998073217728,1.1583815028901736,1.190181117533719,0.0,
1.4377649325626205,1.6246628131021195,1.1689788053949905,1.2296724470134877,1.3,1.1400770712909443,1.335645472061657,1.3905587668593449,1.159344894026975,1.3838150289017341,1.4078998073217728,1.1583815028901736,0.8722543352601156,1.2701348747591523,0.8635838150289018,1.190073217726397,0.0,
1.2296724470134877,1.3,1.1400770712909443,1.335645472061657,1.3905587668593449,1.159344894026975,1.3838150289017341,1.4078998073217728,1.1583815028901736,0.8722543352601156,1.2701348747591523,0.8635838150289018,1.1285163776493257,1.3732177263969172,1.0687861271676302,1.190301541425819,1.0,
1.335645472061657,1.3905587668593449,1.159344894026975,1.3838150289017341,1.4078998073217728,1.1583815028901736,0.8722543352601156,1.2701348747591523,0.8635838150289018,1.1285163776493257,1.3732177263969172,1.0687861271676302,1.1978805394990366,1.3048169556840077,1.182466281310212,1.1900510597302507,0.0,
1.3838150289017341,1.4078998073217728,1.1583815028901736,0.8722543352601156,1.2701348747591523,0.8635838150289018,1.1285163776493257,1.3732177263969172,1.0687861271676302,1.1978805394990366,1.3048169556840077,1.182466281310212,1.1198458574181118,1.2421965317919077,1.0254335260115608,1.1902514450867052,0.0,
0.8722543352601156,1.2701348747591523,0.8635838150289018,1.1285163776493257,1.3732177263969172,1.0687861271676302,1.1978805394990366,1.3048169556840077,1.182466281310212,1.1198458574181118,1.2421965317919077,1.0254335260115608,0.9271676300578036,1.2730250481695569,0.9175337186897882,1.189961464354528,0.0,
1.1285163776493257,1.3732177263969172,1.0687861271676302,1.1978805394990366,1.3048169556840077,1.182466281310212,1.1198458574181118,1.2421965317919077,1.0254335260115608,0.9271676300578036,1.2730250481695569,0.9175337186897882,1.1843930635838151,1.3086705202312139,1.1015414258188825,1.1902100192678229,1.0,
1.1978805394990366,1.3048169556840077,1.182466281310212,1.1198458574181118,1.2421965317919077,1.0254335260115608,0.9271676300578036,1.2730250481695569,0.9175337186897882,1.1843930635838151,1.3086705202312139,1.1015414258188825,1.2499036608863199,1.2971098265895955,1.1265895953757226,1.1901714836223507,1.0,
1.1198458574181118,1.2421965317919077,1.0254335260115608,0.9271676300578036,1.2730250481695569,0.9175337186897882,1.1843930635838151,1.3086705202312139,1.1015414258188825,1.2499036608863199,1.2971098265895955,1.1265895953757226,1.3154142581888248,1.3645472061657034,1.182466281310212,1.1901377649325626,0.0,
0.9271676300578036,1.2730250481695569,0.9175337186897882,1.1843930635838151,1.3086705202312139,1.1015414258188825,1.2499036608863199,1.2971098265895955,1.1265895953757226,1.3154142581888248,1.3645472061657034,1.182466281310212,1.171868978805395,1.2913294797687862,1.0947976878612717,1.190146435452794,1.0,
1.1843930635838151,1.3086705202312139,1.1015414258188825,1.2499036608863199,1.2971098265895955,1.1265895953757226,1.3154142581888248,1.3645472061657034,1.182466281310212,1.171868978805395,1.2913294797687862,1.0947976878612717,1.369364161849711,1.440655105973025,1.1554913294797688,1.1901878612716765,1.0,
1.2499036608863199,1.2971098265895955,1.1265895953757226,1.3154142581888248,1.3645472061657034,1.182466281310212,1.171868978805395,1.2913294797687862,1.0947976878612717,1.369364161849711,1.440655105973025,1.1554913294797688,1.2315992292870905,1.2383429672447015,1.064932562620424,1.1905809248554915,1.0,
1.3154142581888248,1.3645472061657034,1.182466281310212,1.171868978805395,1.2913294797687862,1.0947976878612717,1.369364161849711,1.440655105973025,1.1554913294797688,1.2315992292870905,1.2383429672447015,1.064932562620424,1.367437379576108,1.3751445086705203,1.1737957610789982,1.1905645472061657,0.0,
1.171868978805395,1.2913294797687862,1.0947976878612717,1.369364161849711,1.440655105973025,1.1554913294797688,1.2315992292870905,1.2383429672447015,1.064932562620424,1.367437379576108,1.3751445086705203,1.1737957610789982,1.029287090558767,1.1892100192678228,0.9811175337186899,1.19023795761079,1.0,
1.369364161849711,1.440655105973025,1.1554913294797688,1.2315992292870905,1.2383429672447015,1.064932562620424,1.367437379576108,1.3751445086705203,1.1737957610789982,1.029287090558767,1.1892100192678228,0.9811175337186899,1.3394990366088633,1.358766859344894,1.1583815028901736,1.1901156069364163,0.0,
1.2315992292870905,1.2383429672447015,1.064932562620424,1.367437379576108,1.3751445086705203,1.1737957610789982,1.029287090558767,1.1892100192678228,0.9811175337186899,1.3394990366088633,1.358766859344894,1.1583815028901736,1.054335260115607,1.3366088631984587,1.054335260115607,1.190175337186898,0.0,
1.367437379576108,1.3751445086705203,1.1737957610789982,1.029287090558767,1.1892100192678228,0.9811175337186899,1.3394990366088633,1.358766859344894,1.1583815028901736,1.054335260115607,1.3366088631984587,1.054335260115607,1.0177263969171484,1.218111753371869,0.9599229287090559,1.1902023121387284,0.0,
1.029287090558767,1.1892100192678228,0.9811175337186899,1.3394990366088633,1.358766859344894,1.1583815028901736,1.054335260115607,1.3366088631984587,1.054335260115607,1.0177263969171484,1.218111753371869,0.9599229287090559,1.0360308285163777,1.3086705202312139,0.9223506743737958,1.1899296724470136,0.0,
1.3394990366088633,1.358766859344894,1.1583815028901736,1.054335260115607,1.3366088631984587,1.054335260115607,1.0177263969171484,1.218111753371869,0.9599229287090559,1.0360308285163777,1.3086705202312139,0.9223506743737958,1.144894026974952,1.2113680154142583,1.0832369942196534,1.1906791907514453,1.0,
1.054335260115607,1.3366088631984587,1.054335260115607,1.0177263969171484,1.218111753371869,0.9599229287090559,1.0360308285163777,1.3086705202312139,0.9223506743737958,1.144894026974952,1.2113680154142583,1.0832369942196534,1.2094412331406552,1.2720616570327554,1.136223506743738,1.1901127167630057,0.0,
1.0177263969171484,1.218111753371869,0.9599229287090559,1.0360308285163777,1.3086705202312139,0.9223506743737958,1.144894026974952,1.2113680154142583,1.0832369942196534,1.2094412331406552,1.2720616570327554,1.136223506743738,1.1766859344894027,1.216184971098266,1.1082851637764934,1.190029865125241,1.0,
1.0360308285163777,1.3086705202312139,0.9223506743737958,1.144894026974952,1.2113680154142583,1.0832369942196534,1.2094412331406552,1.2720616570327554,1.136223506743738,1.1766859344894027,1.216184971098266,1.1082851637764934,1.3905587668593449,1.4820809248554914,1.1680154142581889,1.190102119460501,0.0,
1.144894026974952,1.2113680154142583,1.0832369942196534,1.2094412331406552,1.2720616570327554,1.136223506743738,1.1766859344894027,1.216184971098266,1.1082851637764934,1.3905587668593449,1.4820809248554914,1.1680154142581889,1.0013487475915221,1.253757225433526,0.9551059730250483,1.1903959537572255,0.0,
1.2094412331406552,1.2720616570327554,1.136223506743738,1.1766859344894027,1.216184971098266,1.1082851637764934,1.3905587668593449,1.4820809248554914,1.1680154142581889,1.0013487475915221,1.253757225433526,0.9551059730250483,1.1304431599229288,1.2046242774566476,1.0244701348747591,1.190199421965318,1.0,
1.1766859344894027,1.216184971098266,1.1082851637764934,1.3905587668593449,1.4820809248554914,1.1680154142581889,1.0013487475915221,1.253757225433526,0.9551059730250483,1.1304431599229288,1.2046242774566476,1.0244701348747591,1.2499036608863199,1.2845857418111755,1.157418111753372,1.1901011560693642,0.0,
1.3905587668593449,1.4820809248554914,1.1680154142581889,1.0013487475915221,1.253757225433526,0.9551059730250483,1.1304431599229288,1.2046242774566476,1.0244701348747591,1.2499036608863199,1.2845857418111755,1.157418111753372,1.1159922928709056,1.1911368015414259,1.0369942196531792,1.190247591522158,0.0,
1.0013487475915221,1.253757225433526,0.9551059730250483,1.1304431599229288,1.2046242774566476,1.0244701348747591,1.2499036608863199,1.2845857418111755,1.157418111753372,1.1159922928709056,1.1911368015414259,1.0369942196531792,1.0244701348747591,1.2113680154142583,1.0013487475915221,1.1900385356454721,1.0,
1.1304431599229288,1.2046242774566476,1.0244701348747591,1.2499036608863199,1.2845857418111755,1.157418111753372,1.1159922928709056,1.1911368015414259,1.0369942196531792,1.0244701348747591,1.2113680154142583,1.0013487475915221,1.2585741811175337,1.2614643545279385,1.0447013487475916,1.1899845857418114,0.0,
1.2499036608863199,1.2845857418111755,1.157418111753372,1.1159922928709056,1.1911368015414259,1.0369942196531792,1.0244701348747591,1.2113680154142583,1.0013487475915221,1.2585741811175337,1.2614643545279385,1.0447013487475916,1.1641618497109827,1.3057803468208093,0.938728323699422,1.19018978805395,0.0,
1.1159922928709056,1.1911368015414259,1.0369942196531792,1.0244701348747591,1.2113680154142583,1.0013487475915221,1.2585741811175337,1.2614643545279385,1.0447013487475916,1.1641618497109827,1.3057803468208093,0.938728323699422,1.0119460500963393,1.2527938342967246,0.8655105973025049,1.1899739884393064,1.0,
1.0244701348747591,1.2113680154142583,1.0013487475915221,1.2585741811175337,1.2614643545279385,1.0447013487475916,1.1641618497109827,1.3057803468208093,0.938728323699422,1.0119460500963393,1.2527938342967246,0.8655105973025049,1.2229287090558767,1.4262042389210021,1.1439306358381505,1.1901685934489403,0.0,
1.2585741811175337,1.2614643545279385,1.0447013487475916,1.1641618497109827,1.3057803468208093,0.938728323699422,1.0119460500963393,1.2527938342967246,0.8655105973025049,1.2229287090558767,1.4262042389210021,1.1439306358381505,0.8818882466281311,1.2720616570327554,0.7682080924855492,1.1900934489402697,1.0,
1.1641618497109827,1.3057803468208093,0.938728323699422,1.0119460500963393,1.2527938342967246,0.8655105973025049,1.2229287090558767,1.4262042389210021,1.1439306358381505,0.8818882466281311,1.2720616570327554,0.7682080924855492,1.2595375722543354,1.4560693641618498,1.123699421965318,1.1903092485549134,1.0,
1.0119460500963393,1.2527938342967246,0.8655105973025049,1.2229287090558767,1.4262042389210021,1.1439306358381505,0.8818882466281311,1.2720616570327554,0.7682080924855492,1.2595375722543354,1.4560693641618498,1.123699421965318,1.2075144508670521,1.3491329479768788,1.039884393063584,1.1901676300578035,1.0,
1.2229287090558767,1.4262042389210021,1.1439306358381505,0.8818882466281311,1.2720616570327554,0.7682080924855492,1.2595375722543354,1.4560693641618498,1.123699421965318,1.2075144508670521,1.3491329479768788,1.039884393063584,1.2527938342967246,1.344315992292871,1.1256262042389211,1.190374759152216,0.0,
0.8818882466281311,1.2720616570327554,0.7682080924855492,1.2595375722543354,1.4560693641618498,1.123699421965318,1.2075144508670521,1.3491329479768788,1.039884393063584,1.2527938342967246,1.344315992292871,1.1256262042389211,0.8722543352601156,1.6516377649325626,0.7132947976878613,1.1899682080924856,0.0,
1.2595375722543354,1.4560693641618498,1.123699421965318,1.2075144508670521,1.3491329479768788,1.039884393063584,1.2527938342967246,1.344315992292871,1.1256262042389211,0.8722543352601156,1.6516377649325626,0.7132947976878613,0.8568400770712911,1.1892100192678228,0.7277456647398844,1.1902129094412333,0.0,
1.2075144508670521,1.3491329479768788,1.039884393063584,1.2527938342967246,1.344315992292871,1.1256262042389211,0.8722543352601156,1.6516377649325626,0.7132947976878613,0.8568400770712911,1.1892100192678228,0.7277456647398844,1.1121387283236994,1.1892100192678228,0.8838150289017342,1.1901974951830445,1.0,
1.2527938342967246,1.344315992292871,1.1256262042389211,0.8722543352601156,1.6516377649325626,0.7132947976878613,0.8568400770712911,1.1892100192678228,0.7277456647398844,1.1121387283236994,1.1892100192678228,0.8838150289017342,1.2576107899807323,1.26242774566474,0.9888246628131022,1.1900674373795763,0.0,
0.8722543352601156,1.6516377649325626,0.7132947976878613,0.8568400770712911,1.1892100192678228,0.7277456647398844,1.1121387283236994,1.1892100192678228,0.8838150289017342,1.2576107899807323,1.26242774566474,0.9888246628131022,1.0157996146435453,1.1940269749518306,0.9146435452793835,1.190073217726397,0.0,
0.8568400770712911,1.1892100192678228,0.7277456647398844,1.1121387283236994,1.1892100192678228,0.8838150289017342,1.2576107899807323,1.26242774566474,0.9888246628131022,1.0157996146435453,1.1940269749518306,0.9146435452793835,1.1179190751445087,1.3144508670520232,1.0967244701348748,1.1899643545279384,1.0,
1.1121387283236994,1.1892100192678228,0.8838150289017342,1.2576107899807323,1.26242774566474,0.9888246628131022,1.0157996146435453,1.1940269749518306,0.9146435452793835,1.1179190751445087,1.3144508670520232,1.0967244701348748,1.4666666666666668,1.48111753371869,1.1159922928709056,1.190068400770713,1.0,
1.2576107899807323,1.26242774566474,0.9888246628131022,1.0157996146435453,1.1940269749518306,0.9146435452793835,1.1179190751445087,1.3144508670520232,1.0967244701348748,1.4666666666666668,1.48111753371869,1.1159922928709056,1.2277456647398846,1.3953757225433527,1.1420038535645474,1.1902947976878613,1.0,
1.0157996146435453,1.1940269749518306,0.9146435452793835,1.1179190751445087,1.3144508670520232,1.0967244701348748,1.4666666666666668,1.48111753371869,1.1159922928709056,1.2277456647398846,1.3953757225433527,1.1420038535645474,1.3163776493256263,1.3510597302504819,1.1843930635838151,1.1901666666666666,1.0,
1.1179190751445087,1.3144508670520232,1.0967244701348748,1.4666666666666668,1.48111753371869,1.1159922928709056,1.2277456647398846,1.3953757225433527,1.1420038535645474,1.3163776493256263,1.3510597302504819,1.1843930635838151,1.2633911368015416,1.3173410404624277,1.1689788053949905,1.1900674373795763,0.0,
1.4666666666666668,1.48111753371869,1.1159922928709056,1.2277456647398846,1.3953757225433527,1.1420038535645474,1.3163776493256263,1.3510597302504819,1.1843930635838151,1.2633911368015416,1.3173410404624277,1.1689788053949905,0.8250481695568401,1.2614643545279385,0.7547206165703276,1.1904200385356456,1.0,
1.2277456647398846,1.3953757225433527,1.1420038535645474,1.3163776493256263,1.3510597302504819,1.1843930635838151,1.2633911368015416,1.3173410404624277,1.1689788053949905,0.8250481695568401,1.2614643545279385,0.7547206165703276,1.2547206165703277,1.413680154142582,1.1786127167630058,1.1903371868978807,1.0,
1.3163776493256263,1.3510597302504819,1.1843930635838151,1.2633911368015416,1.3173410404624277,1.1689788053949905,0.8250481695568401,1.2614643545279385,0.7547206165703276,1.2547206165703277,1.413680154142582,1.1786127167630058,1.3019267822736031,1.4329479768786129,1.1314065510597304,1.1902447013487478,1.0,
1.2633911368015416,1.3173410404624277,1.1689788053949905,0.8250481695568401,1.2614643545279385,0.7547206165703276,1.2547206165703277,1.413680154142582,1.1786127167630058,1.3019267822736031,1.4329479768786129,1.1314065510597304,1.2710982658959538,1.3578034682080926,1.1670520231213874,1.19054816955684,0.0,
0.8250481695568401,1.2614643545279385,0.7547206165703276,1.2547206165703277,1.413680154142582,1.1786127167630058,1.3019267822736031,1.4329479768786129,1.1314065510597304,1.2710982658959538,1.3578034682080926,1.1670520231213874,1.1256262042389211,1.3144508670520232,1.0967244701348748,1.189878612716763,1.0,
1.2547206165703277,1.413680154142582,1.1786127167630058,1.3019267822736031,1.4329479768786129,1.1314065510597304,1.2710982658959538,1.3578034682080926,1.1670520231213874,1.1256262042389211,1.3144508670520232,1.0967244701348748,1.2566473988439306,1.2653179190751447,1.148747591522158,1.1902071290944125,1.0,
1.3019267822736031,1.4329479768786129,1.1314065510597304,1.2710982658959538,1.3578034682080926,1.1670520231213874,1.1256262042389211,1.3144508670520232,1.0967244701348748,1.2566473988439306,1.2653179190751447,1.148747591522158,1.3260115606936418,1.451252408477842,1.1892100192678228,1.1902080924855494,0.0,
1.2710982658959538,1.3578034682080926,1.1670520231213874,1.1256262042389211,1.3144508670520232,1.0967244701348748,1.2566473988439306,1.2653179190751447,1.148747591522158,1.3260115606936418,1.451252408477842,1.1892100192678228,1.077456647398844,1.2258188824662815,0.9791907514450868,1.1905510597302507,1.0,
1.1256262042389211,1.3144508670520232,1.0967244701348748,1.2566473988439306,1.2653179190751447,1.148747591522158,1.3260115606936418,1.451252408477842,1.1892100192678228,1.077456647398844,1.2258188824662815,0.9791907514450868,1.335645472061657,1.344315992292871,1.0976878612716763,1.1903988439306359,1.0,
1.2566473988439306,1.2653179190751447,1.148747591522158,1.3260115606936418,1.451252408477842,1.1892100192678228,1.077456647398844,1.2258188824662815,0.9791907514450868,1.335645472061657,1.344315992292871,1.0976878612716763,1.4252408477842005,1.4483622350674374,1.0851637764932565,1.1902947976878613,0.0,
1.3260115606936418,1.451252408477842,1.1892100192678228,1.077456647398844,1.2258188824662815,0.9791907514450868,1.335645472061657,1.344315992292871,1.0976878612716763,1.4252408477842005,1.4483622350674374,1.0851637764932565,1.1073217726396918,1.2778420038535647,1.054335260115607,1.1902312138728324,1.0,
1.077456647398844,1.2258188824662815,0.9791907514450868,1.335645472061657,1.344315992292871,1.0976878612716763,1.4252408477842005,1.4483622350674374,1.0851637764932565,1.1073217726396918,1.2778420038535647,1.054335260115607,1.226782273603083,1.2431599229287091,1.0996146435452794,1.190224470134875,0.0,
1.335645472061657,1.344315992292871,1.0976878612716763,1.4252408477842005,1.4483622350674374,1.0851637764932565,1.1073217726396918,1.2778420038535647,1.054335260115607,1.226782273603083,1.2431599229287091,1.0996146435452794,1.1863198458574182,1.2884393063583817,1.0504816955684009,1.1903545279383432,0.0,
1.4252408477842005,1.4483622350674374,1.0851637764932565,1.1073217726396918,1.2778420038535647,1.054335260115607,1.226782273603083,1.2431599229287091,1.0996146435452794,1.1863198458574182,1.2884393063583817,1.0504816955684009,0.9647398843930637,1.1892100192678228,0.8847784200385357,1.1901387283236995,0.0,
1.1073217726396918,1.2778420038535647,1.054335260115607,1.226782273603083,1.2431599229287091,1.0996146435452794,1.1863198458574182,1.2884393063583817,1.0504816955684009,0.9647398843930637,1.1892100192678228,0.8847784200385357,1.0013487475915221,1.216184971098266,0.9223506743737958,1.1900789980732178,0.0,
1.226782273603083,1.2431599229287091,1.0996146435452794,1.1863198458574182,1.2884393063583817,1.0504816955684009,0.9647398843930637,1.1892100192678228,0.8847784200385357,1.0013487475915221,1.216184971098266,0.9223506743737958,0.9464354527938343,1.218111753371869,0.9290944123314067,1.1901030828516377,1.0,
1.1863198458574182,1.2884393063583817,1.0504816955684009,0.9647398843930637,1.1892100192678228,0.8847784200385357,1.0013487475915221,1.216184971098266,0.9223506743737958,0.9464354527938343,1.218111753371869,0.9290944123314067,1.403082851637765,1.4078998073217728,0.9859344894026976,1.1901127167630057,1.0,
0.9647398843930637,1.1892100192678228,0.8847784200385357,1.0013487475915221,1.216184971098266,0.9223506743737958,0.9464354527938343,1.218111753371869,0.9290944123314067,1.403082851637765,1.4078998073217728,0.9859344894026976,1.2759152215799616,1.3173410404624277,1.1169556840077073,1.1903073217726396,0.0,
1.0013487475915221,1.216184971098266,0.9223506743737958,0.9464354527938343,1.218111753371869,0.9290944123314067,1.403082851637765,1.4078998073217728,0.9859344894026976,1.2759152215799616,1.3173410404624277,1.1169556840077073,1.100578034682081,1.4310211946050098,1.0947976878612717,1.1899306358381505,0.0,
0.9464354527938343,1.218111753371869,0.9290944123314067,1.403082851637765,1.4078998073217728,0.9859344894026976,1.2759152215799616,1.3173410404624277,1.1169556840077073,1.100578034682081,1.4310211946050098,1.0947976878612717,1.0013487475915221,1.2007707129094414,0.5726396917148363,1.1898506743737958,0.0,
1.403082851637765,1.4078998073217728,0.9859344894026976,1.2759152215799616,1.3173410404624277,1.1169556840077073,1.100578034682081,1.4310211946050098,1.0947976878612717,1.0013487475915221,1.2007707129094414,0.5726396917148363,0.9965317919075145,1.2605009633911368,0.9965317919075145,1.1902967244701348,1.0,
1.2759152215799616,1.3173410404624277,1.1169556840077073,1.100578034682081,1.4310211946050098,1.0947976878612717,1.0013487475915221,1.2007707129094414,0.5726396917148363,0.9965317919075145,1.2605009633911368,0.9965317919075145,1.5350674373795763,1.6121387283236994,1.136223506743738,1.1903169556840076,0.0,
1.100578034682081,1.4310211946050098,1.0947976878612717,1.0013487475915221,1.2007707129094414,0.5726396917148363,0.9965317919075145,1.2605009633911368,0.9965317919075145,1.5350674373795763,1.6121387283236994,1.136223506743738,1.0003853564547207,1.428131021194605,0.938728323699422,1.1900462427745666,1.0,
1.0013487475915221,1.2007707129094414,0.5726396917148363,0.9965317919075145,1.2605009633911368,0.9965317919075145,1.5350674373795763,1.6121387283236994,1.136223506743738,1.0003853564547207,1.428131021194605,0.938728323699422,1.3549132947976879,1.3963391136801542,1.1612716763005781,1.1899296724470136,0.0,
0.9965317919075145,1.2605009633911368,0.9965317919075145,1.5350674373795763,1.6121387283236994,1.136223506743738,1.0003853564547207,1.428131021194605,0.938728323699422,1.3549132947976879,1.3963391136801542,1.1612716763005781,1.0793834296724472,1.3038535645472062,1.0148362235067439,1.1900982658959538,1.0,
1.5350674373795763,1.6121387283236994,1.136223506743738,1.0003853564547207,1.428131021194605,0.938728323699422,1.3549132947976879,1.3963391136801542,1.1612716763005781,1.0793834296724472,1.3038535645472062,1.0148362235067439,1.8973025048169558,2.022543352601156,1.064932562620424,1.1903574181117536,0.0,
1.0003853564547207,1.428131021194605,0.938728323699422,1.3549132947976879,1.3963391136801542,1.1612716763005781,1.0793834296724472,1.3038535645472062,1.0148362235067439,1.8973025048169558,2.022543352601156,1.064932562620424,1.0687861271676302,1.3500963391136802,0.9011560693641619,1.189913294797688,0.0,
1.3549132947976879,1.3963391136801542,1.1612716763005781,1.0793834296724472,1.3038535645472062,1.0148362235067439,1.8973025048169558,2.022543352601156,1.064932562620424,1.0687861271676302,1.3500963391136802,0.9011560693641619,0.9271676300578036,1.2489402697495184,0.9233140655105974,1.190363198458574,0.0,
1.0793834296724472,1.3038535645472062,1.0148362235067439,1.8973025048169558,2.022543352601156,1.064932562620424,1.0687861271676302,1.3500963391136802,0.9011560693641619,0.9271676300578036,1.2489402697495184,0.9233140655105974,1.1834296724470135,1.3520231213872833,1.1044315992292872,1.1900809248554913,0.0,
1.8973025048169558,2.022543352601156,1.064932562620424,1.0687861271676302,1.3500963391136802,0.9011560693641619,0.9271676300578036,1.2489402697495184,0.9233140655105974,1.1834296724470135,1.3520231213872833,1.1044315992292872,0.6786127167630058,1.2971098265895955,0.6506743737957612,1.190631984585742,1.0,
1.0687861271676302,1.3500963391136802,0.9011560693641619,0.9271676300578036,1.2489402697495184,0.9233140655105974,1.1834296724470135,1.3520231213872833,1.1044315992292872,0.6786127167630058,1.2971098265895955,0.6506743737957612,1.3260115606936418,1.4560693641618498,1.1766859344894027,1.1902215799614644,0.0,
0.9271676300578036,1.2489402697495184,0.9233140655105974,1.1834296724470135,1.3520231213872833,1.1044315992292872,0.6786127167630058,1.2971098265895955,0.6506743737957612,1.3260115606936418,1.4560693641618498,1.1766859344894027,1.1265895953757226,1.2373795761078998,1.113102119460501,1.19014161849711,1.0,
1.1834296724470135,1.3520231213872833,1.1044315992292872,0.6786127167630058,1.2971098265895955,0.6506743737957612,1.3260115606936418,1.4560693641618498,1.1766859344894027,1.1265895953757226,1.2373795761078998,1.113102119460501,1.2075144508670521,1.264354527938343,1.1025048169556841,1.1902774566473988,1.0,
0.6786127167630058,1.2971098265895955,0.6506743737957612,1.3260115606936418,1.4560693641618498,1.1766859344894027,1.1265895953757226,1.2373795761078998,1.113102119460501,1.2075144508670521,1.264354527938343,1.1025048169556841,1.2296724470134877,1.264354527938343,1.1612716763005781,1.1899142581888247,0.0,
1.3260115606936418,1.4560693641618498,1.1766859344894027,1.1265895953757226,1.2373795761078998,1.113102119460501,1.2075144508670521,1.264354527938343,1.1025048169556841,1.2296724470134877,1.264354527938343,1.1612716763005781,1.077456647398844,1.2229287090558767,1.0254335260115608,1.1901926782273604,1.0,
1.1265895953757226,1.2373795761078998,1.113102119460501,1.2075144508670521,1.264354527938343,1.1025048169556841,1.2296724470134877,1.264354527938343,1.1612716763005781,1.077456647398844,1.2229287090558767,1.0254335260115608,1.1940269749518306,1.2065510597302507,1.1053949903660887,1.1901830443159924,0.0,
1.2075144508670521,1.264354527938343,1.1025048169556841,1.2296724470134877,1.264354527938343,1.1612716763005781,1.077456647398844,1.2229287090558767,1.0254335260115608,1.1940269749518306,1.2065510597302507,1.1053949903660887,1.1737957610789982,1.3308285163776494,1.0302504816955684,1.190253371868979,0.0,
1.2296724470134877,1.264354527938343,1.1612716763005781,1.077456647398844,1.2229287090558767,1.0254335260115608,1.1940269749518306,1.2065510597302507,1.1053949903660887,1.1737957610789982,1.3308285163776494,1.0302504816955684,1.0842003853564548,1.2210019267822736,0.9512524084778421,1.1902639691714838,0.0,
1.077456647398844,1.2229287090558767,1.0254335260115608,1.1940269749518306,1.2065510597302507,1.1053949903660887,1.1737957610789982,1.3308285163776494,1.0302504816955684,1.0842003853564548,1.2210019267822736,0.9512524084778421,1.1410404624277457,1.218111753371869,1.0803468208092486,1.190005780346821,1.0,
1.1940269749518306,1.2065510597302507,1.1053949903660887,1.1737957610789982,1.3308285163776494,1.0302504816955684,1.0842003853564548,1.2210019267822736,0.9512524084778421,1.1410404624277457,1.218111753371869,1.0803468208092486,1.5504816955684009,1.5572254335260116,1.1872832369942197,1.1902620423892103,0.0,
1.1737957610789982,1.3308285163776494,1.0302504816955684,1.0842003853564548,1.2210019267822736,0.9512524084778421,1.1410404624277457,1.218111753371869,1.0803468208092486,1.5504816955684009,1.5572254335260116,1.1872832369942197,0.9965317919075145,1.2046242774566476,0.9859344894026976,1.1900915221579962,0.0,
1.0842003853564548,1.2210019267822736,0.9512524084778421,1.1410404624277457,1.218111753371869,1.0803468208092486,1.5504816955684009,1.5572254335260116,1.1872832369942197,0.9965317919075145,1.2046242774566476,0.9859344894026976,1.1285163776493257,1.1998073217726397,0.9878612716763007,1.190175337186898,0.0,
1.1410404624277457,1.218111753371869,1.0803468208092486,1.5504816955684009,1.5572254335260116,1.1872832369942197,0.9965317919075145,1.2046242774566476,0.9859344894026976,1.1285163776493257,1.1998073217726397,0.9878612716763007,1.0591522157996147,1.1959537572254335,1.0379576107899808,1.1897967244701348,1.0,
1.5504816955684009,1.5572254335260116,1.1872832369942197,0.9965317919075145,1.2046242774566476,0.9859344894026976,1.1285163776493257,1.1998073217726397,0.9878612716763007,1.0591522157996147,1.1959537572254335,1.0379576107899808,1.3722543352601158,1.436801541425819,1.1689788053949905,1.190592485549133,1.0,
0.9965317919075145,1.2046242774566476,0.9859344894026976,1.1285163776493257,1.1998073217726397,0.9878612716763007,1.0591522157996147,1.1959537572254335,1.0379576107899808,1.3722543352601158,1.436801541425819,1.1689788053949905,1.28747591522158,1.3067437379576108,1.1429672447013488,1.1902177263969174,0.0,
1.1285163776493257,1.1998073217726397,0.9878612716763007,1.0591522157996147,1.1959537572254335,1.0379576107899808,1.3722543352601158,1.436801541425819,1.1689788053949905,1.28747591522158,1.3067437379576108,1.1429672447013488,0.9223506743737958,1.1892100192678228,0.7971098265895955,1.1901387283236995,1.0,
1.0591522157996147,1.1959537572254335,1.0379576107899808,1.3722543352601158,1.436801541425819,1.1689788053949905,1.28747591522158,1.3067437379576108,1.1429672447013488,0.9223506743737958,1.1892100192678228,0.7971098265895955,1.2152215799614645,1.3163776493256263,1.146820809248555,1.1905115606936418,1.0,
1.3722543352601158,1.436801541425819,1.1689788053949905,1.28747591522158,1.3067437379576108,1.1429672447013488,0.9223506743737958,1.1892100192678228,0.7971098265895955,1.2152215799614645,1.3163776493256263,1.146820809248555,1.2354527938342967,1.2730250481695569,1.111175337186898,1.1902148362235068,1.0,
1.28747591522158,1.3067437379576108,1.1429672447013488,0.9223506743737958,1.1892100192678228,0.7971098265895955,1.2152215799614645,1.3163776493256263,1.146820809248555,1.2354527938342967,1.2730250481695569,1.111175337186898,1.2903660886319848,1.344315992292871,1.0957610789980734,1.1903333333333335,0.0,
0.9223506743737958,1.1892100192678228,0.7971098265895955,1.2152215799614645,1.3163776493256263,1.146820809248555,1.2354527938342967,1.2730250481695569,1.111175337186898,1.2903660886319848,1.344315992292871,1.0957610789980734,0.9666666666666668,1.2132947976878614,0.8539499036608864,1.189967244701349,1.0,
1.2152215799614645,1.3163776493256263,1.146820809248555,1.2354527938342967,1.2730250481695569,1.111175337186898,1.2903660886319848,1.344315992292871,1.0957610789980734,0.9666666666666668,1.2132947976878614,0.8539499036608864,1.2479768786127168,1.2797687861271678,1.100578034682081,1.1901628131021196,0.0,
1.2354527938342967,1.2730250481695569,1.111175337186898,1.2903660886319848,1.344315992292871,1.0957610789980734,0.9666666666666668,1.2132947976878614,0.8539499036608864,1.2479768786127168,1.2797687861271678,1.100578034682081,1.0870905587668593,1.2450867052023122,1.0707129094412333,1.1903025048169558,1.0,
1.2903660886319848,1.344315992292871,1.0957610789980734,0.9666666666666668,1.2132947976878614,0.8539499036608864,1.2479768786127168,1.2797687861271678,1.100578034682081,1.0870905587668593,1.2450867052023122,1.0707129094412333,1.3038535645472062,1.5514450867052023,1.1294797687861273,1.1902514450867052,0.0,
0.9666666666666668,1.2132947976878614,0.8539499036608864,1.2479768786127168,1.2797687861271678,1.100578034682081,1.0870905587668593,1.2450867052023122,1.0707129094412333,1.3038535645472062,1.5514450867052023,1.1294797687861273,1.0639691714836224,1.2556840077071292,1.0389210019267823,1.190039499036609,0.0,
1.2479768786127168,1.2797687861271678,1.100578034682081,1.0870905587668593,1.2450867052023122,1.0707129094412333,1.3038535645472062,1.5514450867052023,1.1294797687861273,1.0639691714836224,1.2556840077071292,1.0389210019267823,1.0369942196531792,1.4319845857418112,0.9705202312138729,1.1902861271676302,0.0,
1.0870905587668593,1.2450867052023122,1.0707129094412333,1.3038535645472062,1.5514450867052023,1.1294797687861273,1.0639691714836224,1.2556840077071292,1.0389210019267823,1.0369942196531792,1.4319845857418112,0.9705202312138729,0.43198458574181126,1.1892100192678228,-0.2973025048169556,1.1901396917148361,1.0,
1.3038535645472062,1.5514450867052023,1.1294797687861273,1.0639691714836224,1.2556840077071292,1.0389210019267823,1.0369942196531792,1.4319845857418112,0.9705202312138729,0.43198458574181126,1.1892100192678228,-0.2973025048169556,1.3317919075144509,1.3770712909441234,0.9840077071290945,1.1900211946050099,1.0,
1.0639691714836224,1.2556840077071292,1.0389210019267823,1.0369942196531792,1.4319845857418112,0.9705202312138729,0.43198458574181126,1.1892100192678228,-0.2973025048169556,1.3317919075144509,1.3770712909441234,0.9840077071290945,1.2335260115606936,1.3327552986512525,1.0976878612716763,1.1902254335260116,1.0,
1.0369942196531792,1.4319845857418112,0.9705202312138729,0.43198458574181126,1.1892100192678228,-0.2973025048169556,1.3317919075144509,1.3770712909441234,0.9840077071290945,1.2335260115606936,1.3327552986512525,1.0976878612716763,1.2816955684007707,1.3048169556840077,1.1410404624277457,1.1901040462427748,0.0,
0.43198458574181126,1.1892100192678228,-0.2973025048169556,1.3317919075144509,1.3770712909441234,0.9840077071290945,1.2335260115606936,1.3327552986512525,1.0976878612716763,1.2816955684007707,1.3048169556840077,1.1410404624277457,1.098651252408478,1.2200385356454722,1.077456647398844,1.1898391136801543,0.0,
1.3317919075144509,1.3770712909441234,0.9840077071290945,1.2335260115606936,1.3327552986512525,1.0976878612716763,1.2816955684007707,1.3048169556840077,1.1410404624277457,1.098651252408478,1.2200385356454722,1.077456647398844,0.9791907514450868,1.3067437379576108,0.9589595375722544,1.1901522157996147,0.0,
1.2335260115606936,1.3327552986512525,1.0976878612716763,1.2816955684007707,1.3048169556840077,1.1410404624277457,1.098651252408478,1.2200385356454722,1.077456647398844,0.9791907514450868,1.3067437379576108,0.9589595375722544,0.8770712909441234,1.3192678227360308,0.6506743737957612,1.1901445086705202,1.0,
1.2816955684007707,1.3048169556840077,1.1410404624277457,1.098651252408478,1.2200385356454722,1.077456647398844,0.9791907514450868,1.3067437379576108,0.9589595375722544,0.8770712909441234,1.3192678227360308,0.6506743737957612,1.4464354527938343,1.4551059730250482,1.0157996146435453,1.1904113680154145,1.0,
1.098651252408478,1.2200385356454722,1.077456647398844,0.9791907514450868,1.3067437379576108,0.9589595375722544,0.8770712909441234,1.3192678227360308,0.6506743737957612,1.4464354527938343,1.4551059730250482,1.0157996146435453,1.2585741811175337,1.3077071290944124,1.1121387283236994,1.1901050096339116,0.0,
0.9791907514450868,1.3067437379576108,0.9589595375722544,0.8770712909441234,1.3192678227360308,0.6506743737957612,1.4464354527938343,1.4551059730250482,1.0157996146435453,1.2585741811175337,1.3077071290944124,1.1121387283236994,1.1776493256262044,1.2335260115606936,1.1053949903660887,1.1900327552986514,0.0,
0.8770712909441234,1.3192678227360308,0.6506743737957612,1.4464354527938343,1.4551059730250482,1.0157996146435453,1.2585741811175337,1.3077071290944124,1.1121387283236994,1.1776493256262044,1.2335260115606936,1.1053949903660887,1.1709055876685934,1.2007707129094414,1.052408477842004,1.1899595375722545,0.0,
1.4464354527938343,1.4551059730250482,1.0157996146435453,1.2585741811175337,1.3077071290944124,1.1121387283236994,1.1776493256262044,1.2335260115606936,1.1053949903660887,1.1709055876685934,1.2007707129094414,1.052408477842004,1.0967244701348748,1.2402697495183046,1.086127167630058,1.1904739884393063,1.0,
1.2585741811175337,1.3077071290944124,1.1121387283236994,1.1776493256262044,1.2335260115606936,1.1053949903660887,1.1709055876685934,1.2007707129094414,1.052408477842004,1.0967244701348748,1.2402697495183046,1.086127167630058,1.193063583815029,1.27495183044316,1.0967244701348748,1.1901791907514452,0.0,
1.1776493256262044,1.2335260115606936,1.1053949903660887,1.1709055876685934,1.2007707129094414,1.052408477842004,1.0967244701348748,1.2402697495183046,1.086127167630058,1.193063583815029,1.27495183044316,1.0967244701348748,1.0784200385356455,1.2373795761078998,1.0244701348747591,1.1902263969171485,0.0,
1.1709055876685934,1.2007707129094414,1.052408477842004,1.0967244701348748,1.2402697495183046,1.086127167630058,1.193063583815029,1.27495183044316,1.0967244701348748,1.0784200385356455,1.2373795761078998,1.0244701348747591,1.0495183044315992,1.2508670520231215,1.029287090558767,1.1900953757225434,0.0,
1.0967244701348748,1.2402697495183046,1.086127167630058,1.193063583815029,1.27495183044316,1.0967244701348748,1.0784200385356455,1.2373795761078998,1.0244701348747591,1.0495183044315992,1.2508670520231215,1.029287090558767,1.0514450867052023,1.1901734104046244,1.0032755298651252,1.190194605009634,1.0,
1.193063583815029,1.27495183044316,1.0967244701348748,1.0784200385356455,1.2373795761078998,1.0244701348747591,1.0495183044315992,1.2508670520231215,1.029287090558767,1.0514450867052023,1.1901734104046244,1.0032755298651252,1.2797687861271678,1.2903660886319848,1.0813102119460503,1.1902764932562622,0.0,
1.0784200385356455,1.2373795761078998,1.0244701348747591,1.0495183044315992,1.2508670520231215,1.029287090558767,1.0514450867052023,1.1901734104046244,1.0032755298651252,1.2797687861271678,1.2903660886319848,1.0813102119460503,1.086127167630058,1.2017341040462428,1.0138728323699422,1.1908169556840076,0.0,
1.0495183044315992,1.2508670520231215,1.029287090558767,1.0514450867052023,1.1901734104046244,1.0032755298651252,1.2797687861271678,1.2903660886319848,1.0813102119460503,1.086127167630058,1.2017341040462428,1.0138728323699422,1.016763005780347,1.1921001926782275,0.796146435452794,1.1899007707129097,0.0,
1.0514450867052023,1.1901734104046244,1.0032755298651252,1.2797687861271678,1.2903660886319848,1.0813102119460503,1.086127167630058,1.2017341040462428,1.0138728323699422,1.016763005780347,1.1921001926782275,0.796146435452794,1.1208092485549135,1.1988439306358383,1.0157996146435453,1.1899778420038536,1.0,
1.2797687861271678,1.2903660886319848,1.0813102119460503,1.086127167630058,1.2017341040462428,1.0138728323699422,1.016763005780347,1.1921001926782275,0.796146435452794,1.1208092485549135,1.1988439306358383,1.0157996146435453,1.2942196531791907,1.3510597302504819,1.1285163776493257,1.1901714836223507,0.0,
1.086127167630058,1.2017341040462428,1.0138728323699422,1.016763005780347,1.1921001926782275,0.796146435452794,1.1208092485549135,1.1988439306358383,1.0157996146435453,1.2942196531791907,1.3510597302504819,1.1285163776493257,1.169942196531792,1.1959537572254335,1.0764932562620424,1.1901599229287092,0.0,
1.016763005780347,1.1921001926782275,0.796146435452794,1.1208092485549135,1.1988439306358383,1.0157996146435453,1.2942196531791907,1.3510597302504819,1.1285163776493257,1.169942196531792,1.1959537572254335,1.0764932562620424,1.0177263969171484,1.2296724470134877,0.961849710982659,1.1902157996146436,0.0,
1.1208092485549135,1.1988439306358383,1.0157996146435453,1.2942196531791907,1.3510597302504819,1.1285163776493257,1.169942196531792,1.1959537572254335,1.0764932562620424,1.0177263969171484,1.2296724470134877,0.961849710982659,1.0100192678227362,1.1978805394990366,0.7894026974951831,1.1904836223506743,1.0,
1.2942196531791907,1.3510597302504819,1.1285163776493257,1.169942196531792,1.1959537572254335,1.0764932562620424,1.0177263969171484,1.2296724470134877,0.961849710982659,1.0100192678227362,1.1978805394990366,0.7894026974951831,1.4753371868978806,1.4907514450867052,1.1506743737957612,1.1899797687861273,1.0,
1.169942196531792,1.1959537572254335,1.0764932562620424,1.0177263969171484,1.2296724470134877,0.961849710982659,1.0100192678227362,1.1978805394990366,0.7894026974951831,1.4753371868978806,1.4907514450867052,1.1506743737957612,1.4146435452793835,1.5379576107899808,1.1709055876685934,1.1900500963391138,0.0,
1.0177263969171484,1.2296724470134877,0.961849710982659,1.0100192678227362,1.1978805394990366,0.7894026974951831,1.4753371868978806,1.4907514450867052,1.1506743737957612,1.4146435452793835,1.5379576107899808,1.1709055876685934,1.159344894026975,1.1892100192678228,0.9377649325626205,1.1899720616570328,0.0,
1.0100192678227362,1.1978805394990366,0.7894026974951831,1.4753371868978806,1.4907514450867052,1.1506743737957612,1.4146435452793835,1.5379576107899808,1.1709055876685934,1.159344894026975,1.1892100192678228,0.9377649325626205,1.0707129094412333,1.1892100192678228,0.9897880539499038,1.189971098265896,1.0,
1.4753371868978806,1.4907514450867052,1.1506743737957612,1.4146435452793835,1.5379576107899808,1.1709055876685934,1.159344894026975,1.1892100192678228,0.9377649325626205,1.0707129094412333,1.1892100192678228,0.9897880539499038,1.241233140655106,1.2942196531791907,1.1159922928709056,1.1907013487475917,1.0,
1.4146435452793835,1.5379576107899808,1.1709055876685934,1.159344894026975,1.1892100192678228,0.9377649325626205,1.0707129094412333,1.1892100192678228,0.9897880539499038,1.241233140655106,1.2942196531791907,1.1159922928709056,1.2865125240847786,1.3366088631984587,1.0263969171483622,1.190457610789981,0.0,
1.159344894026975,1.1892100192678228,0.9377649325626205,1.0707129094412333,1.1892100192678228,0.9897880539499038,1.241233140655106,1.2942196531791907,1.1159922928709056,1.2865125240847786,1.3366088631984587,1.0263969171483622,1.1256262042389211,1.2585741811175337,1.1246628131021195,1.1902610789980732,0.0,
1.0707129094412333,1.1892100192678228,0.9897880539499038,1.241233140655106,1.2942196531791907,1.1159922928709056,1.2865125240847786,1.3366088631984587,1.0263969171483622,1.1256262042389211,1.2585741811175337,1.1246628131021195,1.1747591522157996,1.2961464354527938,1.1747591522157996,1.190194605009634,1.0,
1.241233140655106,1.2942196531791907,1.1159922928709056,1.2865125240847786,1.3366088631984587,1.0263969171483622,1.1256262042389211,1.2585741811175337,1.1246628131021195,1.1747591522157996,1.2961464354527938,1.1747591522157996,1.2431599229287091,1.289402697495183,1.1892100192678228,1.190365125240848,0.0,
1.2865125240847786,1.3366088631984587,1.0263969171483622,1.1256262042389211,1.2585741811175337,1.1246628131021195,1.1747591522157996,1.2961464354527938,1.1747591522157996,1.2431599229287091,1.289402697495183,1.1892100192678228,1.1371868978805395,1.2816955684007707,1.123699421965318,1.190180154142582,1.0,
1.1256262042389211,1.2585741811175337,1.1246628131021195,1.1747591522157996,1.2961464354527938,1.1747591522157996,1.2431599229287091,1.289402697495183,1.1892100192678228,1.1371868978805395,1.2816955684007707,1.123699421965318,1.2662813102119461,1.3183044315992294,1.1294797687861273,1.1902148362235068,1.0,
1.1747591522157996,1.2961464354527938,1.1747591522157996,1.2431599229287091,1.289402697495183,1.1892100192678228,1.1371868978805395,1.2816955684007707,1.123699421965318,1.2662813102119461,1.3183044315992294,1.1294797687861273,1.239306358381503,1.2460500963391137,1.0957610789980734,1.1903526011560694,1.0,
1.2431599229287091,1.289402697495183,1.1892100192678228,1.1371868978805395,1.2816955684007707,1.123699421965318,1.2662813102119461,1.3183044315992294,1.1294797687861273,1.239306358381503,1.2460500963391137,1.0957610789980734,1.3308285163776494,1.403082851637765,1.1892100192678228,1.1903121387283238,0.0,
1.1371868978805395,1.2816955684007707,1.123699421965318,1.2662813102119461,1.3183044315992294,1.1294797687861273,1.239306358381503,1.2460500963391137,1.0957610789980734,1.3308285163776494,1.403082851637765,1.1892100192678228,0.46377649325626213,1.2277456647398846,0.4146435452793835,1.190015414258189,0.0,
1.2662813102119461,1.3183044315992294,1.1294797687861273,1.239306358381503,1.2460500963391137,1.0957610789980734,1.3308285163776494,1.403082851637765,1.1892100192678228,0.46377649325626213,1.2277456647398846,0.4146435452793835,0.5996146435452795,1.1892100192678228,0.12947976878612724,1.1902851637764933,0.0,
1.239306358381503,1.2460500963391137,1.0957610789980734,1.3308285163776494,1.403082851637765,1.1892100192678228,0.46377649325626213,1.2277456647398846,0.4146435452793835,0.5996146435452795,1.1892100192678228,0.12947976878612724,1.0947976878612717,1.2508670520231215,0.9907514450867053,1.19047591522158,1.0,
1.3308285163776494,1.403082851637765,1.1892100192678228,0.46377649325626213,1.2277456647398846,0.4146435452793835,0.5996146435452795,1.1892100192678228,0.12947976878612724,1.0947976878612717,1.2508670520231215,0.9907514450867053,1.3414258188824664,1.4001926782273604,1.136223506743738,1.1906156069364164,1.0,
0.46377649325626213,1.2277456647398846,0.4146435452793835,0.5996146435452795,1.1892100192678228,0.12947976878612724,1.0947976878612717,1.2508670520231215,0.9907514450867053,1.3414258188824664,1.4001926782273604,1.136223506743738,1.2470134874759153,1.2470134874759153,0.9830443159922929,1.1895510597302505,0.0,
0.5996146435452795,1.1892100192678228,0.12947976878612724,1.0947976878612717,1.2508670520231215,0.9907514450867053,1.3414258188824664,1.4001926782273604,1.136223506743738,1.2470134874759153,1.2470134874759153,0.9830443159922929,0.7210019267822737,1.1892100192678228,0.6949903660886321,1.189651252408478,1.0,
1.0947976878612717,1.2508670520231215,0.9907514450867053,1.3414258188824664,1.4001926782273604,1.136223506743738,1.2470134874759153,1.2470134874759153,0.9830443159922929,0.7210019267822737,1.1892100192678228,0.6949903660886321,1.4628131021194606,1.6294797687861273,1.0254335260115608,1.1901233140655108,0.0,
1.3414258188824664,1.4001926782273604,1.136223506743738,1.2470134874759153,1.2470134874759153,0.9830443159922929,0.7210019267822737,1.1892100192678228,0.6949903660886321,1.4628131021194606,1.6294797687861273,1.0254335260115608,1.0957610789980734,1.2219653179190753,0.9801541425818884,1.190397880539499,0.0,
1.2470134874759153,1.2470134874759153,0.9830443159922929,0.7210019267822737,1.1892100192678228,0.6949903660886321,1.4628131021194606,1.6294797687861273,1.0254335260115608,1.0957610789980734,1.2219653179190753,0.9801541425818884,0.8327552986512525,1.2123314065510598,0.6892100192678228,1.1901782273603085,1.0,
0.7210019267822737,1.1892100192678228,0.6949903660886321,1.4628131021194606,1.6294797687861273,1.0254335260115608,1.0957610789980734,1.2219653179190753,0.9801541425818884,0.8327552986512525,1.2123314065510598,0.6892100192678228,1.2248554913294798,1.4339113680154143,1.1631984585741812,1.1898680154142582,0.0,
1.4628131021194606,1.6294797687861273,1.0254335260115608,1.0957610789980734,1.2219653179190753,0.9801541425818884,0.8327552986512525,1.2123314065510598,0.6892100192678228,1.2248554913294798,1.4339113680154143,1.1631984585741812,0.9676300578034683,1.2797687861271678,0.9628131021194606,1.1903737957610792,1.0,
1.0957610789980734,1.2219653179190753,0.9801541425818884,0.8327552986512525,1.2123314065510598,0.6892100192678228,1.2248554913294798,1.4339113680154143,1.1631984585741812,0.9676300578034683,1.2797687861271678,0.9628131021194606,1.2383429672447015,1.2884393063583817,1.0533718689788054,1.1901348747591523,1.0,
0.8327552986512525,1.2123314065510598,0.6892100192678228,1.2248554913294798,1.4339113680154143,1.1631984585741812,0.9676300578034683,1.2797687861271678,0.9628131021194606,1.2383429672447015,1.2884393063583817,1.0533718689788054,1.3086705202312139,1.365510597302505,1.1169556840077073,1.1899980732177264,0.0,
1.2248554913294798,1.4339113680154143,1.1631984585741812,0.9676300578034683,1.2797687861271678,0.9628131021194606,1.2383429672447015,1.2884393063583817,1.0533718689788054,1.3086705202312139,1.365510597302505,1.1169556840077073,1.1535645472061657,1.4040462427745666,1.1179190751445087,1.1902129094412333,1.0,
0.9676300578034683,1.2797687861271678,0.9628131021194606,1.2383429672447015,1.2884393063583817,1.0533718689788054,1.3086705202312139,1.365510597302505,1.1169556840077073,1.1535645472061657,1.4040462427745666,1.1179190751445087,1.371290944123314,1.4358381502890174,1.0678227360308286,1.1900539499036609,0.0,
1.2383429672447015,1.2884393063583817,1.0533718689788054,1.3086705202312139,1.365510597302505,1.1169556840077073,1.1535645472061657,1.4040462427745666,1.1179190751445087,1.371290944123314,1.4358381502890174,1.0678227360308286,1.1275529865125242,1.2431599229287091,1.00616570327553,1.1901734104046244,1.0,
1.3086705202312139,1.365510597302505,1.1169556840077073,1.1535645472061657,1.4040462427745666,1.1179190751445087,1.371290944123314,1.4358381502890174,1.0678227360308286,1.1275529865125242,1.2431599229287091,1.00616570327553,1.3606936416184972,1.495568400770713,0.8915221579961465,1.190164739884393,1.0,
1.1535645472061657,1.4040462427745666,1.1179190751445087,1.371290944123314,1.4358381502890174,1.0678227360308286,1.1275529865125242,1.2431599229287091,1.00616570327553,1.3606936416184972,1.495568400770713,0.8915221579961465,1.48111753371869,1.564932562620424,1.1294797687861273,1.190573217726397,1.0,
1.371290944123314,1.4358381502890174,1.0678227360308286,1.1275529865125242,1.2431599229287091,1.00616570327553,1.3606936416184972,1.495568400770713,0.8915221579961465,1.48111753371869,1.564932562620424,1.1294797687861273,1.2084778420038536,1.2354527938342967,1.0389210019267823,1.1906204238921003,1.0,
1.1275529865125242,1.2431599229287091,1.00616570327553,1.3606936416184972,1.495568400770713,0.8915221579961465,1.48111753371869,1.564932562620424,1.1294797687861273,1.2084778420038536,1.2354527938342967,1.0389210019267823,1.2865125240847786,1.4213872832369943,1.159344894026975,1.19018978805395,1.0,
1.3606936416184972,1.495568400770713,0.8915221579961465,1.48111753371869,1.564932562620424,1.1294797687861273,1.2084778420038536,1.2354527938342967,1.0389210019267823,1.2865125240847786,1.4213872832369943,1.159344894026975,1.3317919075144509,1.4483622350674374,1.0668593448940271,1.1901830443159924,1.0,
1.48111753371869,1.564932562620424,1.1294797687861273,1.2084778420038536,1.2354527938342967,1.0389210019267823,1.2865125240847786,1.4213872832369943,1.159344894026975,1.3317919075144509,1.4483622350674374,1.0668593448940271,1.2142581888246629,1.276878612716763,0.9994219653179192,1.1902976878612717,1.0,
1.2084778420038536,1.2354527938342967,1.0389210019267823,1.2865125240847786,1.4213872832369943,1.159344894026975,1.3317919075144509,1.4483622350674374,1.0668593448940271,1.2142581888246629,1.276878612716763,0.9994219653179192,1.4772639691714837,1.5109826589595377,1.1458574181117536,1.1904749518304434,0.0,
1.2865125240847786,1.4213872832369943,1.159344894026975,1.3317919075144509,1.4483622350674374,1.0668593448940271,1.2142581888246629,1.276878612716763,0.9994219653179192,1.4772639691714837,1.5109826589595377,1.1458574181117536,1.0601156069364164,1.2344894026974953,0.8982658959537573,1.1900645472061657,1.0,
1.3317919075144509,1.4483622350674374,1.0668593448940271,1.2142581888246629,1.276878612716763,0.9994219653179192,1.4772639691714837,1.5109826589595377,1.1458574181117536,1.0601156069364164,1.2344894026974953,0.8982658959537573,1.2807321772639693,1.4290944123314067,1.1766859344894027,1.1903641618497112,1.0,
1.2142581888246629,1.276878612716763,0.9994219653179192,1.4772639691714837,1.5109826589595377,1.1458574181117536,1.0601156069364164,1.2344894026974953,0.8982658959537573,1.2807321772639693,1.4290944123314067,1.1766859344894027,1.5919075144508672,1.5967244701348748,1.1400770712909443,1.1905250481695568,0.0,
1.4772639691714837,1.5109826589595377,1.1458574181117536,1.0601156069364164,1.2344894026974953,0.8982658959537573,1.2807321772639693,1.4290944123314067,1.1766859344894027,1.5919075144508672,1.5967244701348748,1.1400770712909443,0.9811175337186899,1.205587668593449,0.77495183044316,1.1904055876685935,0.0,
1.0601156069364164,1.2344894026974953,0.8982658959537573,1.2807321772639693,1.4290944123314067,1.1766859344894027,1.5919075144508672,1.5967244701348748,1.1400770712909443,0.9811175337186899,1.205587668593449,0.77495183044316,0.7971098265895955,1.2402697495183046,0.5620423892100194,1.190247591522158,1.0,
1.2807321772639693,1.4290944123314067,1.1766859344894027,1.5919075144508672,1.5967244701348748,1.1400770712909443,0.9811175337186899,1.205587668593449,0.77495183044316,0.7971098265895955,1.2402697495183046,0.5620423892100194,1.3327552986512525,1.4849710982658961,1.180539499036609,1.1902071290944125,0.0,
1.5919075144508672,1.5967244701348748,1.1400770712909443,0.9811175337186899,1.205587668593449,0.77495183044316,0.7971098265895955,1.2402697495183046,0.5620423892100194,1.3327552986512525,1.4849710982658961,1.180539499036609,1.0109826589595377,1.1959537572254335,0.9069364161849712,1.1903998073217725,0.0,
0.9811175337186899,1.205587668593449,0.77495183044316,0.7971098265895955,1.2402697495183046,0.5620423892100194,1.3327552986512525,1.4849710982658961,1.180539499036609,1.0109826589595377,1.1959537572254335,0.9069364161849712,1.1121387283236994,1.2238921001926784,1.0764932562620424,1.190073217726397,1.0,
0.7971098265895955,1.2402697495183046,0.5620423892100194,1.3327552986512525,1.4849710982658961,1.180539499036609,1.0109826589595377,1.1959537572254335,0.9069364161849712,1.1121387283236994,1.2238921001926784,1.0764932562620424,1.2865125240847786,1.344315992292871,1.1516377649325626,1.1898737957610792,1.0,
1.3327552986512525,1.4849710982658961,1.180539499036609,1.0109826589595377,1.1959537572254335,0.9069364161849712,1.1121387283236994,1.2238921001926784,1.0764932562620424,1.2865125240847786,1.344315992292871,1.1516377649325626,1.4435452793834298,1.5658959537572255,1.0109826589595377,1.1902967244701348,1.0,
1.0109826589595377,1.1959537572254335,0.9069364161849712,1.1121387283236994,1.2238921001926784,1.0764932562620424,1.2865125240847786,1.344315992292871,1.1516377649325626,1.4435452793834298,1.5658959537572255,1.0109826589595377,1.3915221579961465,1.50616570327553,0.9637764932562621,1.1899980732177264,0.0,
1.1121387283236994,1.2238921001926784,1.0764932562620424,1.2865125240847786,1.344315992292871,1.1516377649325626,1.4435452793834298,1.5658959537572255,1.0109826589595377,1.3915221579961465,1.50616570327553,0.9637764932562621,1.03121387283237,1.2364161849710984,0.9281310211946051,1.1899884393063584,0.0,
